atraque_id,fecha_atraque,fecha_salida,id_buque,puerto_id
0,2018-04-20 06:06:35,2018-04-27 23:05:22,202,0
1,2013-02-27 18:30:10,2013-02-28 09:38:32,76,1
2,2020-01-30 22:55:13,2020-01-31 17:25:45,43,2
3,2015-05-06 12:46:36,2015-05-10 11:47:27,207,3
4,2019-05-20 15:02:21,2019-05-21 05:34:16,146,4
5,2011-08-17 07:29:06,2011-08-31 22:37:39,229,2
6,2017-12-24 07:51:47,2018-01-04 02:06:45,145,6
7,2013-04-29 06:37:44,2013-04-30 06:08:53,79,7
8,2018-08-11 07:41:45,2018-08-11 22:00:44,77,5
9,2019-06-29 02:45:33,2019-07-04 19:21:17,153,8
10,2018-02-28 07:06:16,2018-03-14 04:02:30,192,9
11,2017-06-17 12:12:29,2017-06-22 03:02:33,78,11
12,2012-04-04 09:16:24,2012-04-05 04:12:23,167,12
13,2019-03-22 09:04:08,2019-03-23 02:22:59,41,6
14,2020-04-11 20:34:46,2020-04-18 14:55:23,176,16
15,2017-12-12 00:17:28,2017-12-12 23:15:54,184,10
16,2011-08-22 23:52:28,2011-09-01 20:14:47,166,0
17,2017-08-09 02:19:41,2017-08-14 23:05:05,19,5
18,2019-05-26 15:25:22,2019-05-27 06:34:54,35,17
19,2020-07-27 09:06:46,2020-08-05 06:47:53,242,19
20,2011-12-10 04:14:38,2011-12-11 00:50:15,140,20
21,2019-10-23 18:39:01,2019-11-02 09:44:20,201,0
22,2019-03-04 01:49:48,2019-03-18 16:50:34,155,13
23,2018-09-27 03:47:38,2018-09-28 00:22:15,90,6
24,2010-06-14 12:17:28,2010-06-15 07:18:34,64,22
25,2013-08-25 09:17:15,2013-08-26 06:37:25,18,22
26,2012-06-09 03:12:41,2012-06-09 20:05:27,59,23
27,2014-08-06 13:46:49,2014-08-20 11:11:52,35,13
28,2011-06-04 05:02:34,2011-06-15 00:10:17,132,18
29,2017-01-24 07:16:18,2017-01-25 03:09:25,231,5
30,2016-04-14 22:11:07,2016-04-15 14:19:24,155,4
31,2019-03-29 03:34:06,2019-03-29 21:23:27,181,22
32,2016-06-30 04:02:02,2016-07-01 02:29:15,98,24
33,2016-04-21 08:32:12,2016-04-22 02:31:42,176,25
34,2015-12-18 02:20:55,2015-12-19 00:48:07,29,27
35,2012-07-26 01:54:43,2012-07-26 23:44:57,241,17
36,2012-09-25 23:55:54,2012-10-02 14:09:47,30,9
37,2020-09-01 18:29:23,2020-09-11 11:02:39,101,10
38,2015-05-12 07:19:14,2015-05-13 03:37:35,230,24
39,2014-12-21 22:21:23,2014-12-22 19:07:11,104,28
40,2015-09-16 11:19:53,2015-09-17 07:45:39,137,2
41,2019-09-05 03:05:51,2019-09-05 21:03:50,245,21
42,2013-08-26 22:46:16,2013-08-27 21:35:35,128,29
43,2019-01-31 10:28:50,2019-02-09 09:54:03,70,15
44,2012-02-18 08:38:35,2012-02-29 03:03:56,203,30
45,2015-01-11 15:16:01,2015-01-12 11:02:03,117,20
46,2017-09-27 05:08:30,2017-09-28 01:24:03,228,20
47,2010-08-07 14:45:10,2010-08-08 13:38:43,46,18
48,2013-09-21 01:34:37,2013-09-21 21:14:43,190,31
49,2012-11-17 07:07:15,2012-11-17 23:04:27,81,30
50,2017-10-15 06:29:50,2017-10-15 23:48:45,177,32
51,2019-03-16 21:55:49,2019-03-28 20:58:50,29,2
52,2017-01-25 03:34:12,2017-02-03 18:22:26,149,33
53,2014-12-30 21:51:45,2014-12-31 14:08:29,117,34
54,2019-07-31 22:56:09,2019-08-11 15:39:42,186,6
55,2010-09-22 06:16:17,2010-09-30 22:59:32,66,30
56,2013-12-13 17:00:07,2013-12-14 07:55:47,148,19
57,2014-07-05 02:56:31,2014-07-05 19:32:00,4,15
58,2016-04-21 05:46:57,2016-04-28 00:04:22,96,7
59,2016-10-09 23:34:24,2016-10-10 17:56:29,115,2
60,2017-03-04 04:19:10,2017-03-04 20:52:31,134,10
61,2010-03-19 23:07:33,2010-03-26 22:25:32,189,15
62,2011-07-18 13:18:04,2011-07-19 03:23:11,220,4
63,2012-05-30 15:32:39,2012-05-31 09:27:25,71,28
64,2019-03-21 01:36:28,2019-03-21 22:38:30,143,33
65,2011-07-26 01:14:18,2011-07-26 17:21:44,165,14
66,2019-10-17 15:54:18,2019-10-26 12:41:41,189,26
67,2010-11-06 16:28:52,2010-11-07 07:18:50,230,24
68,2016-12-25 05:03:19,2017-01-09 03:15:19,239,5
69,2014-08-30 06:37:19,2014-08-31 03:36:46,5,2
70,2012-09-04 22:48:17,2012-09-05 14:23:24,149,17
71,2013-07-26 06:45:21,2013-08-05 04:55:56,145,12
72,2012-12-08 00:07:00,2012-12-08 20:56:28,82,0
73,2014-03-21 04:58:39,2014-03-21 21:52:38,19,20
74,2016-07-15 14:28:05,2016-07-16 10:55:01,243,26
75,2017-02-14 21:56:27,2017-02-26 19:31:51,222,2
76,2017-05-19 23:17:39,2017-06-01 19:31:24,164,6
77,2020-08-07 04:30:03,2020-08-08 03:32:28,10,32
78,2017-07-27 19:51:48,2017-07-28 10:23:37,184,30
79,2012-06-27 21:55:54,2012-06-28 21:05:20,72,2
80,2014-06-28 20:35:40,2014-06-29 14:59:01,118,13
81,2019-02-19 02:14:08,2019-03-03 01:19:42,246,28
82,2012-03-23 16:16:53,2012-03-24 12:01:28,112,13
83,2017-02-09 21:50:19,2017-02-24 21:46:47,102,3
84,2013-03-25 23:52:46,2013-03-26 17:14:51,20,10
85,2016-07-16 00:43:30,2016-07-22 20:19:47,214,13
86,2018-11-02 08:15:23,2018-11-03 03:11:44,144,5
87,2013-01-12 10:08:13,2013-01-13 04:09:43,85,18
88,2018-01-09 09:07:53,2018-01-10 05:40:15,184,28
89,2019-11-25 23:29:58,2019-11-26 21:07:48,152,20
90,2012-11-04 10:40:41,2012-11-05 08:54:49,39,4
91,2015-09-21 08:29:50,2015-09-22 02:16:21,30,21
92,2013-08-12 00:41:31,2013-08-12 14:41:15,224,21
93,2011-07-03 03:35:09,2011-07-03 18:28:22,127,1
94,2011-08-28 05:25:04,2011-08-29 03:03:43,115,26
95,2011-11-21 03:04:28,2011-11-27 02:57:04,29,6
96,2015-05-20 15:15:45,2015-05-27 11:14:41,42,2
97,2018-12-22 18:00:59,2018-12-23 17:35:55,55,0
98,2019-01-05 19:11:37,2019-01-06 12:05:01,87,7
99,2020-07-10 20:56:26,2020-07-11 11:45:49,111,5
100,2015-04-12 01:49:38,2015-04-24 18:12:55,195,20
101,2015-08-22 18:46:19,2015-08-27 10:56:41,198,36
102,2010-11-08 16:33:42,2010-11-09 13:58:22,187,4
103,2012-01-13 07:29:40,2012-01-24 07:24:51,153,9
104,2017-06-13 13:12:45,2017-06-17 10:01:53,176,22
105,2018-01-24 22:50:57,2018-02-08 18:10:36,72,13
106,2013-07-29 17:08:33,2013-07-30 12:27:50,31,37
107,2018-07-08 22:02:32,2018-07-09 21:22:52,118,36
108,2020-03-10 11:36:11,2020-03-11 01:38:14,10,15
109,2013-02-02 03:29:01,2013-02-02 23:01:10,217,38
110,2016-05-27 19:07:36,2016-05-28 09:25:33,103,22
111,2014-07-27 12:41:09,2014-07-28 05:22:40,178,21
112,2011-06-29 08:38:14,2011-06-30 07:16:02,110,18
113,2017-03-21 21:44:15,2017-03-22 20:14:39,174,27
114,2011-03-06 16:50:45,2011-03-07 14:46:14,18,5
115,2014-02-04 23:00:16,2014-02-14 19:30:27,30,33
116,2015-05-26 20:38:50,2015-06-01 20:20:34,158,19
117,2015-12-28 22:11:40,2016-01-07 17:22:44,88,33
118,2017-09-22 14:26:16,2017-09-23 08:33:19,242,25
119,2016-10-21 01:38:25,2016-10-21 19:14:06,106,2
120,2010-05-11 22:19:11,2010-05-12 17:40:50,152,39
121,2018-07-06 22:16:39,2018-07-13 13:45:18,239,27
122,2020-08-19 13:30:38,2020-08-20 12:37:44,159,32
123,2013-06-18 07:54:37,2013-06-28 23:27:05,156,14
124,2016-04-27 13:08:05,2016-04-28 11:59:16,140,20
125,2014-11-09 20:45:05,2014-11-10 11:02:35,192,18
126,2011-08-08 03:47:36,2011-08-08 23:09:24,77,10
127,2014-11-12 12:01:25,2014-11-24 04:51:12,129,0
128,2017-02-10 14:47:09,2017-02-18 06:52:37,147,1
129,2012-08-11 18:46:13,2012-08-12 16:50:39,27,21
130,2013-08-21 00:14:12,2013-08-21 19:01:00,52,29
131,2011-11-13 17:48:15,2011-11-14 15:49:12,147,26
132,2010-06-02 12:56:51,2010-06-03 09:14:50,123,28
133,2019-05-20 20:38:51,2019-05-25 11:35:23,25,27
134,2015-04-29 08:42:43,2015-04-29 22:53:17,76,2
135,2012-06-21 03:27:59,2012-06-27 19:57:49,230,19
136,2011-11-12 11:19:25,2011-11-13 07:14:55,158,23
137,2020-02-26 05:46:15,2020-02-27 05:39:29,118,18
138,2013-10-27 18:19:08,2013-11-01 14:56:51,170,9
139,2012-06-27 15:20:50,2012-06-28 06:54:10,206,18
140,2014-01-04 23:22:27,2014-01-05 20:58:33,62,1
141,2016-03-22 13:59:32,2016-03-23 11:22:51,200,20
142,2011-07-27 23:45:41,2011-07-28 20:12:25,47,33
143,2011-01-09 02:43:25,2011-01-09 22:12:14,201,7
144,2020-03-18 10:24:46,2020-03-19 09:19:10,46,25
145,2019-11-11 14:41:34,2019-11-12 06:29:01,82,29
146,2016-11-14 03:19:27,2016-11-14 23:19:37,185,38
147,2017-12-04 23:56:11,2017-12-05 18:46:39,80,35
148,2013-11-15 05:24:18,2013-11-28 00:22:08,75,6
149,2012-11-11 01:48:27,2012-11-22 22:01:52,196,1
150,2016-08-20 23:18:56,2016-08-21 14:24:25,1,21
151,2015-04-13 02:06:49,2015-04-25 20:44:18,82,1
152,2011-11-29 07:23:58,2011-11-29 21:51:57,169,18
153,2015-06-25 19:46:24,2015-06-26 16:00:42,218,20
154,2014-10-19 08:06:22,2014-10-28 07:34:07,219,33
155,2010-03-11 00:26:24,2010-03-11 21:14:38,71,10
156,2015-08-09 18:41:46,2015-08-10 13:25:35,27,35
157,2018-02-17 12:50:16,2018-02-28 05:42:52,140,17
158,2012-03-05 16:44:00,2012-03-06 10:35:16,90,16
159,2020-02-09 14:53:37,2020-02-10 05:22:28,180,19
160,2014-12-10 12:58:57,2014-12-11 08:52:52,78,18
161,2018-09-08 22:43:03,2018-09-16 14:26:47,141,3
162,2018-06-12 17:19:21,2018-06-13 09:13:28,44,25
163,2015-05-27 07:02:54,2015-05-28 01:52:30,203,3
164,2013-06-18 20:23:35,2013-06-19 17:05:55,59,24
165,2012-04-03 07:33:44,2012-04-04 04:48:23,178,26
166,2013-08-22 02:07:11,2013-08-22 21:57:28,53,6
167,2017-08-02 17:21:11,2017-08-03 08:49:50,47,10
168,2015-09-11 20:36:48,2015-09-12 19:11:26,98,1
169,2018-04-14 00:36:45,2018-04-14 22:59:53,107,30
170,2011-07-06 16:33:06,2011-07-14 16:06:27,96,4
171,2013-09-03 07:39:14,2013-09-04 06:32:59,101,32
172,2020-08-11 10:04:04,2020-08-17 01:52:38,148,0
173,2010-09-01 06:59:50,2010-09-07 23:05:28,157,30
174,2017-10-24 23:02:26,2017-10-25 14:23:27,85,39
175,2016-08-21 06:55:26,2016-08-22 01:57:07,178,10
176,2018-03-05 03:05:07,2018-03-05 20:23:03,32,0
177,2010-06-03 14:38:40,2010-06-04 05:50:33,93,37
178,2013-10-02 23:29:26,2013-10-11 14:24:05,108,3
179,2017-07-12 08:34:35,2017-07-16 07:10:27,40,15
180,2012-05-14 11:21:05,2012-05-15 06:10:42,237,21
181,2016-04-01 06:49:02,2016-04-02 04:58:15,156,35
182,2017-07-27 15:51:37,2017-07-31 10:23:40,248,30
183,2019-04-02 05:26:23,2019-04-08 04:19:00,8,19
184,2017-08-04 08:48:24,2017-08-05 06:18:20,146,0
185,2014-10-02 20:18:54,2014-10-03 10:57:57,156,15
186,2014-08-04 06:30:06,2014-08-12 22:29:25,198,24
187,2014-06-06 11:02:55,2014-06-07 05:04:01,126,12
188,2017-11-11 02:39:34,2017-11-14 17:38:09,2,16
189,2011-03-08 22:03:18,2011-03-19 17:02:22,74,30
190,2015-01-12 17:27:56,2015-01-25 09:18:14,178,33
191,2020-04-01 06:20:10,2020-04-02 04:49:09,201,25
192,2012-10-08 09:49:15,2012-10-09 02:45:39,114,8
193,2014-11-28 14:41:08,2014-11-29 11:45:54,62,28
194,2010-12-22 18:00:49,2010-12-23 17:37:27,41,25
195,2016-05-14 02:14:56,2016-05-23 19:32:58,217,15
196,2019-12-31 23:27:42,2020-01-01 22:18:25,81,25
197,2017-11-21 06:50:06,2017-12-03 06:32:09,150,24
198,2013-07-14 16:38:30,2013-07-21 11:20:39,163,13
199,2011-02-03 04:03:40,2011-02-13 01:37:34,98,24
200,2018-06-24 22:50:11,2018-06-25 18:07:37,5,2
201,2011-03-25 10:22:20,2011-03-26 01:58:18,195,12
202,2017-04-23 18:57:02,2017-04-24 15:06:13,58,6
203,2010-12-08 13:49:10,2010-12-09 13:22:32,199,34
204,2017-04-16 11:20:17,2017-04-17 11:05:24,193,26
205,2018-07-31 15:08:17,2018-08-13 09:30:44,106,25
206,2020-06-16 23:27:55,2020-06-17 20:22:29,137,29
207,2013-02-28 03:50:49,2013-03-13 21:55:37,31,0
208,2016-10-04 08:50:56,2016-10-13 08:24:52,97,4
209,2014-09-23 15:51:10,2014-09-28 09:47:07,24,12
210,2020-08-12 18:25:54,2020-08-18 16:17:37,205,41
211,2010-02-09 11:36:53,2010-02-10 01:47:57,204,28
212,2015-08-03 08:03:41,2015-08-04 06:46:43,32,16
213,2012-08-27 04:08:27,2012-08-28 00:40:59,182,18
214,2011-12-29 14:40:54,2012-01-06 07:20:57,153,5
215,2017-01-04 03:00:39,2017-01-09 02:31:36,4,3
216,2014-05-29 09:53:21,2014-05-29 23:47:28,239,19
217,2010-09-16 12:32:35,2010-09-25 06:48:46,47,21
218,2015-01-26 13:09:04,2015-01-27 09:32:15,179,10
219,2014-02-12 18:11:13,2014-02-23 15:40:21,186,9
220,2012-07-04 22:56:10,2012-07-05 16:33:48,75,19
221,2015-09-26 17:21:30,2015-09-27 13:01:10,233,29
222,2020-05-05 16:21:31,2020-05-09 13:47:05,246,42
223,2016-12-06 02:47:30,2016-12-06 17:01:57,202,39
224,2017-11-13 10:30:03,2017-11-14 01:44:49,23,10
225,2016-03-01 12:21:36,2016-03-13 02:31:15,21,9
226,2019-02-24 09:17:44,2019-03-07 02:53:43,12,32
227,2012-05-12 02:19:07,2012-05-13 00:39:37,61,4
228,2013-09-28 22:31:23,2013-10-08 18:23:43,245,16
229,2011-09-17 17:23:25,2011-09-18 16:43:27,135,37
230,2014-04-26 19:41:22,2014-04-27 15:05:33,95,28
231,2013-03-02 01:30:23,2013-03-02 21:53:26,42,20
232,2019-05-11 10:25:59,2019-05-12 02:26:39,194,12
233,2012-08-16 13:42:32,2012-08-17 06:32:51,66,18
234,2015-07-12 18:05:30,2015-07-13 14:52:55,206,2
235,2014-05-16 20:12:27,2014-05-28 13:54:04,207,4
236,2020-04-07 03:41:53,2020-04-08 02:22:34,247,5
237,2011-03-10 20:16:32,2011-03-16 17:49:35,167,13
238,2014-04-25 11:42:06,2014-05-03 07:14:14,90,16
239,2019-04-21 23:47:33,2019-04-22 22:05:54,99,0
240,2017-06-25 06:43:17,2017-06-25 23:44:09,104,21
241,2017-11-28 08:44:18,2017-11-29 00:45:24,154,25
242,2019-06-24 20:18:16,2019-06-25 17:38:10,18,25
243,2020-03-06 04:46:32,2020-03-07 02:26:27,135,8
244,2015-01-26 01:46:05,2015-01-26 21:36:45,56,0
245,2018-04-08 17:00:41,2018-04-09 08:59:44,124,26
246,2017-04-07 19:58:33,2017-04-08 19:24:14,133,28
247,2019-08-03 19:37:23,2019-08-04 12:02:59,233,37
248,2018-10-21 09:11:29,2018-10-22 08:48:39,96,30
249,2015-10-11 19:53:46,2015-10-12 14:49:33,62,10
250,2020-04-22 22:54:24,2020-05-05 18:14:58,243,41
251,2014-03-25 17:46:04,2014-03-26 17:41:30,231,1
252,2014-08-15 08:57:26,2014-08-16 03:13:48,95,40
253,2013-02-25 09:16:08,2013-03-12 05:27:38,168,28
254,2016-12-25 01:04:05,2016-12-25 20:57:26,211,22
255,2015-07-05 16:29:02,2015-07-15 15:22:35,69,5
256,2013-08-18 23:22:03,2013-08-19 14:34:16,97,35
257,2019-02-25 02:17:31,2019-02-25 23:01:28,200,27
258,2012-02-28 00:06:12,2012-02-28 22:16:29,221,14
259,2012-10-29 09:13:42,2012-11-06 03:14:21,31,1
260,2012-08-24 04:16:03,2012-08-25 03:10:05,7,28
261,2011-06-26 21:11:00,2011-06-27 14:31:29,166,6
262,2012-09-11 23:28:05,2012-09-12 19:22:04,61,3
263,2019-06-29 01:19:19,2019-07-03 22:14:52,236,0
264,2010-01-09 01:13:59,2010-01-18 15:43:36,52,10
265,2010-08-21 08:11:29,2010-08-21 23:34:04,171,6
266,2020-03-28 09:51:46,2020-04-07 00:22:20,187,4
267,2017-03-19 13:02:11,2017-03-20 03:52:45,12,18
268,2019-05-25 21:14:14,2019-05-26 17:39:33,182,0
269,2019-07-25 20:22:49,2019-08-03 17:35:20,102,4
270,2020-01-29 11:13:33,2020-01-30 07:56:31,226,20
271,2019-10-19 21:50:09,2019-10-20 17:38:01,127,29
272,2015-05-28 14:19:48,2015-06-11 08:51:17,5,12
273,2020-05-28 18:51:36,2020-05-29 11:35:40,206,24
274,2014-05-01 01:12:30,2014-05-01 23:09:33,84,32
275,2011-10-08 14:25:18,2011-10-09 04:26:32,197,40
276,2015-04-06 07:29:48,2015-04-07 07:10:52,0,28
277,2014-03-25 04:24:54,2014-04-05 03:03:51,115,21
278,2015-12-30 21:05:41,2015-12-31 13:07:47,64,0
279,2016-03-11 23:23:05,2016-03-12 17:26:17,42,24
280,2016-05-21 00:39:16,2016-05-27 18:22:59,1,18
281,2016-09-12 16:32:55,2016-09-19 16:32:35,105,25
282,2015-09-18 05:53:00,2015-09-21 23:00:25,77,18
283,2012-05-06 10:41:34,2012-05-07 01:09:04,83,2
284,2016-02-23 21:23:23,2016-02-24 14:14:09,10,25
285,2012-07-30 02:18:21,2012-08-04 18:05:29,163,41
286,2017-03-01 07:00:00,2017-03-06 00:06:48,141,10
287,2015-12-28 14:26:52,2016-01-08 13:48:50,114,17
288,2017-03-08 15:29:41,2017-03-22 05:49:56,247,32
289,2013-01-26 10:02:34,2013-01-27 07:30:39,76,4
290,2016-08-09 04:23:49,2016-08-09 23:57:48,214,24
291,2015-04-14 10:03:58,2015-04-15 09:41:02,78,1
292,2011-09-12 10:10:14,2011-09-13 01:03:34,197,15
293,2015-10-07 03:27:49,2015-10-07 22:13:48,219,10
294,2016-05-02 02:38:23,2016-05-03 01:29:06,197,37
295,2015-02-27 13:35:47,2015-03-08 13:33:18,87,30
296,2020-04-15 15:56:43,2020-04-16 14:24:24,146,28
297,2018-11-23 19:39:22,2018-11-30 14:59:08,18,18
298,2016-03-12 01:58:28,2016-03-12 19:59:41,40,20
299,2018-07-02 04:55:43,2018-07-03 00:48:09,228,30
300,2017-09-22 14:40:13,2017-09-23 06:12:57,157,5
301,2014-01-19 20:53:45,2014-01-20 13:56:55,30,6
302,2013-12-16 01:14:47,2013-12-16 16:26:02,246,10
303,2010-10-07 00:36:28,2010-10-10 22:57:26,185,12
304,2012-07-16 10:05:09,2012-07-17 04:59:45,39,5
305,2016-08-25 04:30:33,2016-08-25 23:59:47,130,1
306,2015-10-29 08:12:01,2015-11-07 22:15:19,194,42
307,2012-06-25 09:33:40,2012-06-30 00:13:33,222,6
308,2016-09-27 19:23:17,2016-09-28 14:52:01,117,27
309,2020-08-08 21:15:16,2020-08-09 14:39:05,41,20
310,2016-11-04 07:30:13,2016-11-05 04:53:15,241,4
311,2019-07-13 21:16:24,2019-07-18 13:28:18,8,6
312,2011-06-20 11:03:39,2011-06-21 08:06:47,195,20
313,2014-04-08 19:59:34,2014-04-09 16:27:17,183,21
314,2016-09-11 08:02:27,2016-09-16 22:29:04,64,28
315,2020-08-11 01:14:38,2020-08-11 16:34:18,9,4
316,2017-07-02 12:13:41,2017-07-06 06:59:10,44,16
317,2014-06-10 14:11:17,2014-06-11 09:04:34,219,7
318,2017-01-08 21:29:22,2017-01-20 12:26:03,231,33
319,2010-09-18 10:35:00,2010-09-19 08:26:19,4,4
320,2020-07-21 11:03:19,2020-07-22 04:17:19,187,37
321,2015-11-01 09:12:02,2015-11-02 05:58:00,95,38
322,2015-04-23 07:46:05,2015-05-03 07:07:39,6,1
323,2017-01-09 05:21:41,2017-01-09 20:58:22,30,19
324,2015-09-24 16:59:59,2015-10-06 11:04:59,23,32
325,2010-05-25 00:27:38,2010-05-25 22:17:59,168,24
326,2017-12-16 16:16:17,2017-12-17 12:42:36,200,14
327,2012-07-14 20:14:06,2012-07-15 11:22:45,245,27
328,2010-08-12 00:43:27,2010-08-12 18:57:59,173,4
329,2019-01-18 08:54:48,2019-01-19 00:23:29,42,21
330,2011-10-31 10:57:26,2011-11-14 05:12:49,240,17
331,2017-07-12 23:19:30,2017-07-13 14:33:06,31,29
332,2013-01-21 13:04:41,2013-02-03 03:21:53,128,18
333,2010-09-08 03:27:04,2010-09-09 03:24:01,225,4
334,2016-02-10 09:20:01,2016-02-11 07:55:40,224,21
335,2016-03-29 19:55:29,2016-04-08 13:08:10,167,4
336,2015-07-17 08:56:51,2015-07-18 08:17:23,246,3
337,2018-03-03 02:52:08,2018-03-15 18:55:48,62,1
338,2015-12-23 01:56:54,2015-12-23 19:52:26,84,21
339,2016-08-20 18:23:25,2016-08-21 14:04:19,180,39
340,2016-11-05 12:29:57,2016-11-06 06:47:36,249,40
341,2015-06-04 01:46:27,2015-06-17 20:53:05,98,43
342,2015-01-19 15:00:21,2015-01-20 14:27:30,119,27
343,2018-11-26 14:54:08,2018-11-30 13:58:58,222,33
344,2019-12-09 12:15:40,2019-12-10 03:51:44,40,38
345,2020-07-07 23:20:25,2020-07-08 17:51:49,28,18
346,2011-04-17 10:58:50,2011-04-22 03:31:00,208,17
347,2013-08-21 14:32:39,2013-08-22 07:43:51,16,39
348,2010-08-25 13:51:37,2010-08-26 09:06:48,194,1
349,2014-11-18 00:27:58,2014-11-18 23:07:53,66,41
350,2010-12-08 00:11:01,2010-12-08 14:11:39,55,6
351,2013-08-09 04:34:15,2013-08-22 03:03:00,43,43
352,2014-11-23 06:01:31,2014-11-24 00:20:57,25,1
353,2019-06-19 03:31:57,2019-06-19 21:48:27,75,22
354,2020-08-09 15:59:45,2020-08-10 12:20:39,7,30
355,2011-01-23 13:47:57,2011-01-24 12:01:44,87,24
356,2020-04-16 07:11:33,2020-04-29 00:03:01,149,16
357,2011-08-26 18:14:52,2011-08-30 18:03:17,109,24
358,2018-06-29 23:23:23,2018-06-30 15:32:27,206,10
359,2010-01-03 23:27:10,2010-01-04 16:39:59,149,2
360,2018-09-11 17:56:52,2018-09-12 16:41:52,125,16
361,2015-09-06 21:08:15,2015-09-07 18:28:48,155,19
362,2012-05-24 05:36:01,2012-05-25 03:26:23,89,21
363,2019-02-23 05:21:21,2019-02-23 21:36:47,27,6
364,2013-04-15 10:58:13,2013-04-16 09:19:19,183,2
365,2011-03-03 00:23:24,2011-03-03 20:16:13,173,34
366,2012-08-06 21:51:16,2012-08-07 17:04:33,199,28
367,2018-07-24 08:43:11,2018-07-25 07:16:04,195,12
368,2013-12-20 21:57:47,2014-01-02 21:51:38,5,18
369,2019-10-17 02:59:45,2019-10-24 17:56:56,24,9
370,2011-01-12 02:41:31,2011-01-13 00:59:51,78,7
371,2014-09-23 08:59:28,2014-09-24 03:03:54,197,7
372,2013-10-22 00:39:10,2013-10-22 18:59:02,21,21
373,2020-04-30 03:34:07,2020-04-30 18:30:07,197,2
374,2010-06-05 04:01:28,2010-06-05 21:22:50,218,12
375,2017-03-12 03:05:10,2017-03-13 01:06:19,83,19
376,2012-02-16 08:38:47,2012-02-25 03:02:41,234,22
377,2012-10-18 12:00:00,2012-10-19 03:36:13,66,8
378,2016-03-26 03:50:07,2016-03-27 01:24:54,239,18
379,2011-02-10 06:02:24,2011-02-18 22:17:41,158,25
380,2016-10-05 00:28:21,2016-10-05 23:49:03,181,2
381,2017-04-18 18:54:27,2017-04-28 18:36:19,105,13
382,2014-05-01 14:54:41,2014-05-06 07:09:38,199,17
383,2014-12-05 05:31:35,2014-12-05 21:56:10,148,10
384,2015-07-19 03:35:15,2015-07-27 03:09:43,74,20
385,2010-05-19 14:17:18,2010-05-20 13:01:41,248,37
386,2013-09-07 07:45:44,2013-09-19 01:56:27,12,4
387,2015-07-20 13:37:42,2015-08-01 12:47:43,227,25
388,2013-12-17 12:58:35,2013-12-29 03:36:19,28,26
389,2020-06-26 02:36:49,2020-06-26 23:52:40,121,33
390,2010-10-23 14:44:06,2010-10-24 05:51:32,228,27
391,2013-09-11 18:48:09,2013-09-17 17:07:38,150,26
392,2011-04-22 05:55:21,2011-04-27 05:26:19,125,16
393,2017-11-26 06:22:33,2017-11-26 20:17:10,137,21
394,2016-04-01 21:51:51,2016-04-02 17:30:28,157,20
395,2017-02-06 03:00:12,2017-02-17 21:10:18,150,3
396,2020-04-22 09:49:54,2020-05-06 04:08:48,134,30
397,2017-09-27 04:33:41,2017-10-04 18:37:17,33,14
398,2012-09-08 21:18:11,2012-09-09 11:52:22,232,5
399,2013-11-10 08:06:04,2013-11-11 05:01:25,201,17
400,2015-08-17 20:29:39,2015-08-18 12:09:27,89,4
401,2012-11-05 09:18:59,2012-11-06 02:35:04,220,14
402,2014-05-11 17:37:37,2014-05-22 14:14:04,238,16
403,2017-10-13 20:27:08,2017-10-14 18:43:35,106,10
404,2011-03-24 13:15:12,2011-03-25 03:52:27,90,33
405,2010-05-11 13:05:31,2010-05-20 12:04:09,50,30
406,2016-08-24 20:16:05,2016-09-07 14:11:17,117,8
407,2011-11-12 19:45:13,2011-11-13 18:21:23,12,10
408,2020-02-15 02:39:38,2020-02-16 01:59:24,72,27
409,2011-11-11 12:25:48,2011-11-12 07:22:51,154,25
410,2015-11-23 14:07:02,2015-11-24 13:11:37,97,22
411,2012-05-16 20:10:25,2012-05-17 15:33:07,46,20
412,2014-12-29 01:14:48,2014-12-29 22:02:26,237,43
413,2019-09-18 15:32:57,2019-09-19 12:24:29,49,10
414,2011-05-01 11:59:02,2011-05-12 07:01:16,22,1
415,2015-04-18 04:40:22,2015-05-01 04:36:05,244,3
416,2016-02-24 06:52:22,2016-02-24 22:44:24,18,30
417,2019-09-05 14:26:48,2019-09-06 08:01:07,229,28
418,2020-04-07 23:21:02,2020-04-15 20:02:38,83,3
419,2020-01-03 05:20:39,2020-01-12 21:10:53,107,10
420,2017-04-11 01:34:11,2017-04-11 19:44:46,167,2
421,2014-06-04 23:01:19,2014-06-13 22:03:30,120,28
422,2016-02-17 05:29:33,2016-02-17 22:44:42,231,23
423,2010-04-09 03:10:59,2010-04-09 21:36:07,173,15
424,2020-05-11 05:56:41,2020-05-19 03:29:05,113,42
425,2017-02-07 07:58:45,2017-02-08 07:25:22,176,40
426,2017-08-16 00:48:00,2017-08-20 21:04:54,115,1
427,2013-09-28 05:28:44,2013-10-08 01:55:15,166,17
428,2011-01-20 11:09:52,2011-01-21 03:49:07,38,7
429,2014-10-18 16:28:55,2014-10-25 14:37:30,68,43
430,2010-11-01 03:48:44,2010-11-16 01:29:47,172,5
431,2020-05-06 04:15:58,2020-05-18 20:14:28,20,24
432,2014-11-06 13:03:28,2014-11-07 05:33:59,90,16
433,2019-06-02 04:32:37,2019-06-02 23:37:19,60,23
434,2018-05-09 13:00:52,2018-05-10 05:54:57,219,30
435,2019-06-25 07:43:17,2019-07-08 01:38:10,168,13
436,2010-10-30 22:46:07,2010-10-31 21:01:54,218,20
437,2015-06-27 16:59:57,2015-07-06 08:21:17,248,42
438,2016-05-31 20:40:27,2016-06-01 20:17:13,79,0
439,2016-03-11 12:46:57,2016-03-12 06:59:24,96,32
440,2013-08-03 15:08:45,2013-08-07 13:42:00,221,15
441,2013-08-08 13:53:47,2013-08-09 04:59:30,76,34
442,2013-06-01 04:25:58,2013-06-02 01:58:32,87,10
443,2011-08-28 09:06:19,2011-09-06 03:18:10,95,4
444,2020-01-27 12:15:10,2020-01-28 05:48:14,162,15
445,2017-03-13 03:39:35,2017-03-18 20:50:04,224,28
446,2011-03-16 06:25:08,2011-03-16 23:37:31,7,38
447,2018-02-13 21:11:18,2018-02-14 19:17:46,115,27
448,2016-03-05 14:04:19,2016-03-06 09:56:11,142,4
449,2018-07-12 02:12:58,2018-07-12 17:52:41,172,21
450,2011-03-11 16:36:01,2011-03-21 07:21:29,225,19
451,2017-12-16 11:18:16,2017-12-17 07:50:44,66,33
452,2012-05-28 04:12:50,2012-05-29 01:37:46,225,3
453,2018-10-26 15:00:03,2018-10-27 09:10:54,84,19
454,2018-12-17 08:24:34,2018-12-18 01:25:50,34,31
455,2012-03-02 00:30:27,2012-03-02 15:16:17,230,10
456,2017-07-27 00:42:30,2017-07-27 18:01:24,143,21
457,2010-08-24 15:22:43,2010-08-25 11:13:13,146,12
458,2020-04-09 10:55:59,2020-04-10 07:41:26,85,26
459,2017-02-15 15:26:49,2017-02-16 12:44:13,243,26
460,2015-12-11 19:23:14,2015-12-12 17:54:36,244,32
461,2014-02-23 00:48:07,2014-02-23 23:25:15,187,20
462,2015-11-27 17:22:07,2015-12-03 09:04:13,34,15
463,2013-04-09 10:54:58,2013-04-23 10:10:16,201,18
464,2019-09-14 22:39:09,2019-09-15 17:10:46,249,35
465,2017-02-21 11:24:57,2017-02-22 07:23:03,0,8
466,2014-02-10 16:41:30,2014-02-11 15:33:13,224,25
467,2019-04-03 05:34:34,2019-04-04 05:10:29,84,15
468,2011-11-26 15:57:21,2011-11-27 12:37:57,232,18
469,2015-01-28 18:16:28,2015-01-29 11:08:23,210,21
470,2010-03-17 21:01:08,2010-03-18 16:20:37,15,28
471,2011-11-01 03:22:38,2011-11-01 20:47:29,218,12
472,2010-10-15 06:52:13,2010-10-16 03:57:53,159,10
473,2010-12-17 02:19:14,2010-12-17 18:02:56,94,39
474,2017-05-05 00:49:56,2017-05-16 15:40:46,183,1
475,2012-01-07 22:59:27,2012-01-08 13:28:07,203,20
476,2010-10-10 09:18:56,2010-10-11 00:44:48,171,24
477,2013-03-31 22:13:10,2013-04-15 15:18:40,138,21
478,2011-06-17 14:16:00,2011-07-02 14:06:50,191,12
479,2013-04-11 07:27:40,2013-04-11 23:18:29,136,4
480,2015-08-13 13:42:43,2015-08-14 04:18:56,105,3
481,2011-01-26 20:26:34,2011-01-27 13:52:22,237,40
482,2016-09-14 19:32:09,2016-09-15 17:15:27,225,21
483,2011-07-31 23:05:51,2011-08-01 17:45:27,185,4
484,2013-05-02 02:30:12,2013-05-02 21:22:22,43,0
485,2018-01-31 08:22:56,2018-02-01 02:11:34,172,0
486,2018-12-29 16:46:27,2018-12-30 14:48:07,236,17
487,2019-07-17 10:34:52,2019-07-18 08:49:17,171,2
488,2013-06-10 02:55:51,2013-06-24 23:23:40,10,18
489,2017-01-17 23:35:43,2017-01-21 19:35:34,128,1
490,2020-06-26 17:04:15,2020-07-11 13:40:16,91,28
491,2014-10-27 04:15:48,2014-10-28 02:45:18,15,28
492,2010-11-16 20:32:30,2010-11-17 19:41:30,27,36
493,2010-12-31 13:06:02,2011-01-07 06:01:22,179,32
494,2012-11-27 02:59:57,2012-12-03 17:42:50,138,7
495,2011-03-03 21:17:50,2011-03-04 19:41:08,17,15
496,2011-03-04 02:02:06,2011-03-04 23:10:31,0,14
497,2020-06-30 15:19:36,2020-07-06 11:41:06,152,10
498,2010-08-24 05:00:58,2010-08-24 21:32:24,67,10
499,2018-07-29 23:05:46,2018-08-06 18:21:44,48,16
500,2020-07-27 04:01:36,2020-07-27 19:48:24,7,10
501,2016-04-27 13:11:29,2016-05-03 09:37:31,20,36
502,2018-09-23 11:20:23,2018-10-03 10:03:39,249,21
503,2011-03-22 06:00:07,2011-03-23 01:52:21,248,39
504,2015-05-06 03:50:50,2015-05-15 22:32:20,60,13
505,2017-05-19 22:40:51,2017-05-20 16:05:27,49,4
506,2015-09-08 19:02:14,2015-09-17 17:56:33,56,43
507,2017-03-20 18:08:51,2017-03-21 10:14:11,73,4
508,2014-08-07 16:57:10,2014-08-08 14:14:45,165,35
509,2011-09-05 08:06:36,2011-09-13 02:00:36,47,35
510,2010-01-30 00:47:35,2010-02-07 15:15:26,228,15
511,2013-07-28 16:07:22,2013-07-29 14:18:04,200,15
512,2011-02-25 02:10:31,2011-02-26 00:17:42,66,21
513,2020-07-31 19:48:10,2020-08-01 15:30:33,102,22
514,2017-04-22 15:49:59,2017-04-23 09:33:31,209,18
515,2019-01-01 02:45:04,2019-01-01 18:01:58,28,38
516,2015-05-19 04:47:56,2015-05-20 02:50:55,101,8
517,2019-08-16 20:05:07,2019-08-17 14:16:02,46,24
518,2012-05-30 19:26:13,2012-05-31 11:32:37,221,10
519,2011-08-05 13:39:31,2011-08-06 11:05:24,234,12
520,2013-06-19 05:05:59,2013-06-19 23:02:57,148,24
521,2013-01-11 15:15:49,2013-01-18 08:24:13,146,32
522,2016-12-29 17:00:50,2016-12-30 07:03:37,20,21
523,2010-12-15 19:17:21,2010-12-16 14:44:31,186,27
524,2019-12-21 22:50:57,2019-12-22 22:09:23,196,27
525,2016-08-08 21:12:33,2016-08-09 19:47:55,146,17
526,2014-06-08 12:23:31,2014-06-09 09:58:30,3,2
527,2014-04-05 11:29:55,2014-04-06 05:35:38,127,18
528,2012-06-08 21:05:11,2012-06-09 14:12:59,58,38
529,2018-10-11 04:54:28,2018-10-11 19:36:55,174,32
530,2019-12-27 20:24:43,2019-12-28 12:42:01,178,16
531,2014-05-03 12:10:48,2014-05-12 04:34:28,38,25
532,2017-03-08 17:47:08,2017-03-09 13:32:15,180,15
533,2012-05-24 13:19:47,2012-06-04 08:21:47,135,22
534,2014-07-01 08:53:57,2014-07-02 06:19:10,141,26
535,2019-04-29 01:13:30,2019-04-29 21:02:46,218,20
536,2017-02-12 01:20:01,2017-02-26 18:42:12,57,9
537,2013-09-15 21:11:56,2013-09-16 15:06:51,143,24
538,2017-03-02 11:32:05,2017-03-03 06:36:44,157,10
539,2018-10-08 01:43:35,2018-10-08 18:29:14,52,21
540,2013-03-09 14:02:05,2013-03-10 11:51:38,104,20
541,2018-07-27 06:46:22,2018-08-06 23:44:11,122,10
542,2018-12-25 22:12:53,2019-01-07 14:50:54,178,36
543,2012-12-20 23:03:27,2012-12-21 22:01:56,176,2
544,2017-08-05 05:38:57,2017-08-05 19:36:42,189,5
545,2015-06-17 22:38:12,2015-06-25 15:51:56,39,24
546,2013-10-17 17:36:32,2013-10-18 11:40:54,209,29
547,2010-12-17 10:28:04,2010-12-18 02:01:47,36,32
548,2016-08-17 06:32:12,2016-08-18 03:31:46,35,20
549,2010-06-15 06:57:36,2010-06-15 22:54:35,90,12
550,2014-06-14 17:59:20,2014-06-20 09:29:04,31,17
551,2015-10-04 05:37:15,2015-10-14 04:12:50,16,4
552,2012-01-30 17:41:19,2012-01-31 10:09:29,158,18
553,2014-12-27 01:19:40,2014-12-27 16:20:07,24,39
554,2012-02-01 16:00:51,2012-02-08 13:07:44,171,28
555,2016-03-27 11:33:13,2016-04-03 07:04:38,128,18
556,2018-07-01 13:26:15,2018-07-02 06:30:35,186,28
557,2014-03-13 17:17:39,2014-03-14 08:08:50,191,17
558,2013-10-22 04:52:19,2013-10-23 00:42:04,185,12
559,2017-08-25 02:24:02,2017-08-25 22:28:03,63,27
560,2011-05-11 11:56:12,2011-05-25 05:46:30,70,6
561,2014-10-06 07:07:24,2014-10-06 21:30:22,197,21
562,2018-11-01 23:11:19,2018-11-02 16:44:20,73,1
563,2019-07-13 17:35:12,2019-07-24 11:49:01,3,0
564,2019-08-02 19:14:01,2019-08-03 12:27:29,83,8
565,2019-01-17 08:45:59,2019-01-18 05:33:17,219,39
566,2012-11-04 17:31:26,2012-11-05 10:31:42,35,18
567,2014-07-19 18:11:01,2014-07-20 16:16:19,222,0
568,2012-07-19 01:41:47,2012-08-02 16:09:23,78,3
569,2020-07-15 03:32:51,2020-07-24 18:25:05,160,10
570,2017-08-13 05:59:37,2017-08-13 20:42:16,119,12
571,2010-11-10 06:32:49,2010-11-15 23:44:09,160,21
572,2015-01-15 19:06:23,2015-01-16 10:54:23,91,2
573,2020-08-06 07:17:14,2020-08-07 02:16:13,232,17
574,2017-06-05 17:58:59,2017-06-06 12:24:31,110,33
575,2017-12-07 06:39:23,2017-12-19 23:14:29,193,0
576,2014-03-22 19:05:39,2014-03-23 13:48:16,101,25
577,2017-05-30 03:38:16,2017-06-12 18:38:29,135,13
578,2013-07-24 00:33:44,2013-07-24 17:29:13,80,7
579,2019-04-11 20:43:12,2019-04-20 17:52:59,121,37
580,2010-09-14 12:54:33,2010-09-29 06:00:04,20,37
581,2019-03-07 01:50:08,2019-03-18 18:16:06,194,42
582,2015-06-16 13:31:45,2015-06-28 11:07:19,170,30
583,2011-08-25 20:48:53,2011-09-04 13:12:21,82,7
584,2016-12-23 15:19:51,2016-12-24 11:54:57,56,5
585,2013-05-26 12:29:53,2013-05-27 09:45:49,206,1
586,2013-09-05 14:23:50,2013-09-06 13:17:17,99,23
587,2013-02-04 01:35:43,2013-02-04 19:25:14,73,33
588,2016-02-11 09:24:29,2016-02-24 05:19:45,9,20
589,2018-11-27 18:54:41,2018-12-09 10:29:06,130,10
590,2015-04-14 00:14:04,2015-04-14 20:37:34,116,38
591,2013-09-15 03:57:09,2013-09-16 01:03:35,70,0
