id_personal,pasaporte
0,N22415818
1,S96030318
2,R99245213
3,M17084370
4,L37265580
5,F96333768
6,G86572171
7,E99654323
8,O26876875
9,E21346302
10,I59647599
11,S86623127
12,W43342581
13,O49324787
14,Z12618001
15,S67099414
16,H93386941
17,W70014015
18,U56669457
19,F44457948
20,O42187583
21,E20392152
22,G85401525
23,F54286063
24,L20402492
25,Y67957951
26,T64786536
27,L16315884
28,A41577310
29,I91362274
30,Z44372972
31,J50508589
32,K52943396
33,L81362177
34,O65003049
35,G94389129
36,U87952200
37,T60754009
38,O63088677
39,X35740583
40,P90936714
41,S90584294
42,E98870300
43,J48004489
44,N34722023
45,B33581793
46,I26539190
47,Y82472204
48,W96255468
49,Q28903565
50,D12747000
51,D84811007
52,A59785418
53,Q42575194
54,D26597294
55,S70684322
56,Z12327276
57,T55227978
58,Z25809531
59,Q79731575
60,S87281990
61,B52410712
62,Q17998243
63,G70427042
64,P21702655
65,Z57372798
66,E67387779
67,B95281165
68,H65186003
69,S99817979
70,Q77360488
71,F55163262
72,E72768513
73,H68808611
74,N62020387
75,T81315126
76,J33065404
77,T24679589
78,S48630929
79,J52410570
80,W88696841
81,H35385767
82,X66726406
83,T49144954
84,Y28920946
85,S11772990
86,G24272216
87,J64594612
88,D29290177
89,Y97685445
90,M29889337
91,V37562483
92,K71932185
93,U52204644
94,J23831554
95,X77004626
96,E52952269
97,X63993476
98,V53428041
99,I67168870
100,T77399897
101,I19030976
102,V19318115
103,K98008674
104,A32966457
105,K16816418
106,H62599461
107,U69595745
108,Q19693202
109,R33059713
110,P91007805
111,B91603747
112,W71697646
113,M17950737
114,N49963802
115,D12995815
116,H72481896
117,G52881568
118,Q47868245
119,Z24413077
120,C62873808
121,B35171331
122,L18340568
123,G38342014
124,M98860158
125,Q57744567
126,V90110818
127,S11970291
128,C34159270
129,V84504169
130,C42942785
131,K14707299
132,M85459209
133,L72554373
134,D69263703
135,F62163147
136,K63693615
137,K88048774
138,A92076676
139,G92774554
140,F17391225
141,T89668993
142,J29686165
143,B41943528
144,P88267883
145,G60384149
146,D42345801
147,U71661520
148,R87923672
149,X40670359
150,Q25618342
151,J92437602
152,X43111101
153,S16219566
154,O88920707
155,U78263685
156,S71702045
157,J59811637
158,W24746378
159,R19808865
160,Z95831595
161,V42528064
162,T19743718
163,P36703267
164,J81992311
165,C83712317
166,J86186594
167,H92061576
168,G10013637
169,I75861226
170,S92011051
171,X48431659
172,V46586488
173,K14413559
174,T84921359
175,M23752681
176,W93531470
177,I45816186
178,M45487491
179,Z47651097
180,D68973471
181,U20635282
182,U44458462
183,L83116169
184,G28581662
185,F36197968
186,F46237407
187,J84936916
188,D98657401
189,G80440045
190,X74214731
191,X55907580
192,M32819818
193,P63907762
194,G20824518
195,Z62341623
196,G97447072
197,P41251204
198,I82557947
199,Y70470691
200,G97945596
201,W86925667
202,S33763855
203,Q82427980
204,L95395813
205,M78912406
206,P61007335
207,F35177147
208,Z73890508
209,X28190900
210,A99075356
211,Y33621652
212,C75435134
213,H51404851
214,T95578501
215,G71777805
216,E84206767
217,B41807889
218,D17470993
219,Y95422526
220,G89138616
221,L53367487
222,I71035953
223,G62088265
224,U50167995
225,G59557597
226,W86901126
227,M32531724
228,Q77332509
229,G43243084
230,C69969453
231,O92126449
232,D47863811
233,Z76196301
234,F34944561
235,E60644741
236,O56033253
237,Y20694626
238,H37681102
239,C90746321
240,S24497049
241,H65615792
242,G72884936
243,D32411194
244,N82236050
245,Q62049713
246,I39150171
247,Z73076598
248,K98431752
249,T37699639
250,Q99626196
251,C72408604
252,E67980635
253,V90788961
254,M15953646
255,P46015658
256,E19836287
257,X82897919
258,G76754322
259,D20635647
260,D41778711
261,J60837705
262,F10864707
263,H28771080
264,Z12118596
265,V83521814
266,B81503930
267,U30419828
268,F86107166
269,D43567081
270,S67426526
271,T39541124
272,F24904237
273,Y18632801
274,Q96850129
275,G46186009
276,N29503541
277,H22271475
278,F33523355
279,M38215478
280,C86355149
281,Y43005194
282,Z52180289
283,J15119141
284,T94155425
285,N66626290
286,R53180852
287,G37206735
288,T83809947
289,T46938836
290,L68289534
291,C42363592
292,N20315368
293,U44621636
294,M66215755
295,R31033516
296,C17933389
297,F26110704
298,G56771209
299,X40190083
300,H60880738
301,T96848598
302,U44526145
303,R94787103
304,N53300637
305,K60088271
306,S54336476
307,T28924830
308,R92170937
309,O38314291
310,X25806442
311,X21782966
312,M88192722
313,N79457372
314,N53152943
315,C63337324
316,W47775182
317,N95498824
318,Z62349473
319,U43273299
320,P44811148
321,J47240810
322,P92686343
323,Z16091769
324,V74659763
325,D39331602
326,Z91506537
327,G82290652
328,A74939030
329,L98220210
330,C92774826
331,N94602558
332,N76835766
333,J94770262
334,U29447434
335,M61070375
336,N54316699
337,R31518645
338,F15670255
339,L35747887
340,R73647682
341,R92652060
342,W60431450
343,H62015947
344,Q87090673
345,P38256114
346,Z55229668
347,Z44611213
348,H34295507
349,P90125086
350,C34769382
351,Q11437339
352,M37790779
353,I70460685
354,Z18059834
355,S57345242
356,R34605865
357,K96427068
358,Q99604303
359,R54032815
360,D30990389
361,O49200843
362,R90570268
363,C98783766
364,O33503031
365,U28796448
366,W28672552
367,E28434775
368,M13673150
369,G79168985
370,U17882124
371,D74455336
372,Y72017716
373,N94594644
374,H12328752
375,J73774918
376,O77790451
377,Q71451810
378,O11517948
379,P90466792
380,O93555640
381,C22706964
382,P68794723
383,O65264338
384,I54791407
385,M30180966
386,J76155106
387,M42318695
388,F50197319
389,A58142990
390,U58822965
391,J56679008
392,X82993719
393,R18774549
394,Y62780558
395,C50709947
396,A28842541
397,D18853282
398,O78837046
399,C97424828
400,P99525371
401,G72662280
402,A51716020
403,X64476508
404,A67760948
405,R76796869
406,X20175196
407,Z37139094
408,U15692667
409,R98871472
410,F65910198
411,R91225327
412,B48638051
413,J41177977
414,B83970054
415,R33301366
416,Y28690598
417,B71223947
418,S66542453
419,X50419209
420,S31191826
421,E73622992
422,L23344989
423,R87131401
424,J73971982
425,H84704086
426,R82394428
427,S27059453
428,L47267901
429,T50865195
430,D45067023
431,B47512252
432,P88439867
433,S79725707
434,Q98292268
435,Q81899059
436,V38238048
437,V32648303
438,N83602904
439,D96891559
440,D46521640
441,X53390512
442,E45040981
443,I71137391
444,F79421617
445,Y49142948
446,G23407603
447,L21091304
448,T33479289
449,N90362432
450,C86933224
451,B80802581
452,D17825001
453,H63679978
454,Q93659608
455,X23482448
456,Q98196295
457,X57464681
458,I43495548
459,O85536062
460,P91468410
461,Z79078750
462,A32409894
463,K85877488
464,S97519473
465,R40960037
466,N78261760
467,F26681893
468,P69949707
469,O67480281
470,K70923085
471,D16043388
472,Q63627088
473,X88118097
474,L50523027
475,U62431078
476,G13942335
477,L88429599
478,M25516121
479,P60808043
480,Z84265346
481,S60259660
482,B74954136
483,G62923813
484,O34172199
485,J21765949
486,C66390103
487,K51726577
488,V63848808
489,F47106596
490,D33421386
491,V56635732
492,H14114782
493,W32876342
494,Q85813779
495,K68798616
496,D51550937
497,A58880299
498,B46132611
499,A65384053
500,G80363129
501,H23554855
502,X80622536
503,G39950854
504,E66418744
505,Z55136740
506,A74846755
507,S15728405
508,Y74571096
509,A48349897
510,H34682218
511,L91040317
512,K33835641
513,Q65697920
514,C26918071
515,A62437482
516,I20962160
517,B42680044
518,S80959779
519,L45624818
520,A18178675
521,Q13393131
522,X36668136
523,V14610605
524,X96959151
525,W38466179
526,S27836168
527,N30210482
528,O32022190
529,D81305901
530,F48147569
531,E64066757
532,T51938312
533,E79403161
534,F30439227
535,L24990708
536,I69082391
537,M96988182
538,J53941814
539,Z62544841
540,O11035736
541,E40496740
542,Y88222031
543,E79645360
544,N21135692
545,Q76501795
546,H82954679
547,L58021595
548,I76454232
549,V86328246
550,Q46352405
551,S83257879
552,C18313949
553,I68520250
554,V33539473
555,P99072944
556,X30500718
557,Q86390973
558,O73308422
559,V93679476
560,V52367061
561,K97020636
562,I12411703
563,B56479004
564,E88841911
565,K36045796
566,N15890939
567,C25202479
568,Z35633074
569,Z82216665
570,L48871263
571,M54013650
572,K61351886
573,L16160620
574,Y32862609
575,A64832941
576,W45620852
577,C28372030
578,A60998883
579,I81031745
580,W14792062
581,Y74602262
582,K18727103
583,T28185187
584,U44749976
585,R83861025
586,V77041067
587,S44521362
588,Y41672518
589,L49696680
590,R60771433
591,G47760865
592,D17614969
593,S88342155
594,M58022489
595,Q99206484
596,S28706627
597,W40357500
598,W96247840
599,F39203452
600,X70165362
601,P47747927
602,F37567930
603,U82113441
604,D94008374
605,Z15182407
606,D31735637
607,M17626975
608,K87304932
609,N12187519
610,Z89512901
611,S69458680
612,E91188282
613,K54292700
614,J78675367
615,Z90514972
616,M25319500
617,D47993586
618,W59997661
619,C98273001
620,W35851913
621,Z56387527
622,O82905218
623,Y90687489
624,B98135751
625,J77542518
626,J85522033
627,F20918635
628,P24887858
629,S92299080
630,I95587135
631,S73768257
632,N22206250
633,T26344182
634,O24070749
635,X57831524
636,F63424480
637,P46096512
638,K79125351
639,Z33119712
640,D72943469
641,E94910524
642,M99657407
643,M20646516
644,M47185694
645,I54761065
646,H13591949
647,Z66164439
648,J50021010
649,E15185649
650,S32417613
651,X18788354
652,P18069029
653,P90664949
654,D47817041
655,K93206420
656,Z87201344
657,N19156231
658,E70683335
659,Y25124393
660,T27955220
661,Q84386005
662,H24424611
663,M43509483
664,Z49567606
665,C35766555
666,P57862554
667,I64191003
668,R45462112
669,A36567974
670,Z66375480
671,O83116410
672,B19274682
673,A13377207
674,Z63638604
675,T12018876
676,Q61647603
677,J46520579
678,C10485898
679,Q18294063
680,G96255344
681,Y82611727
682,B70998108
683,V39821498
684,X78500905
685,K58266428
686,T10711406
687,F84924809
688,Z40312357
689,C93047721
690,W35870244
691,O89361249
692,T15488548
693,X33411778
694,L15587056
695,X57433646
696,E12552527
697,U14642137
698,Z93784881
699,N61633512
700,L73186764
701,O35132654
702,F85234179
703,L32090593
704,Z89529699
705,I71720626
706,S79293181
707,F53285291
708,F32873083
709,C29330794
710,J30532761
711,X26302462
712,X38649807
713,E74168818
714,X23977739
715,B47807991
716,Y14343891
717,Y39134822
718,P29941553
719,M94150341
720,X72217433
721,B29318470
722,G70168526
723,B28202618
724,Q93070405
725,Q97899872
726,A12227676
727,Y65232120
728,I77961063
729,U84132444
730,Y51646668
731,I29425737
732,N27037176
733,B59049054
734,Y74131374
735,O38200990
736,Q68510886
737,D42378846
738,E33644858
739,N70038783
740,O69610901
741,D62098041
742,V98816399
743,P40582910
744,D21950879
745,G11145132
746,M89928461
747,S88813565
748,Y98611000
749,Z97917226
750,J21247265
751,T27239003
752,S25615690
753,J40055799
754,B82825000
755,I78773658
756,G63132325
757,Q20115795
758,N40736646
759,J19118659
760,N72848681
761,M81883007
762,W97686532
763,L38252134
764,A93142339
765,V30633569
766,X78631717
767,C35048470
768,V22598195
769,G48835759
770,N72357505
771,P80848048
772,A35915899
773,Q62676510
774,Z42240808
775,B23944895
776,T23186694
777,G18703906
778,F99398248
779,A20353052
780,A45029251
781,H78350811
782,E27955039
783,H93634331
784,Y90954287
785,M23386049
786,H66406299
787,O49832802
788,N27371073
789,T62778068
790,F23647465
791,X50057717
792,B29750444
793,D12791743
794,A88205453
795,Q67129817
796,M18404455
797,U64582622
798,A13756920
799,F96180559
800,Z43356349
801,E64584693
802,T40011963
803,N24130204
804,X28016364
805,O91091325
806,F93287822
807,S51168316
808,W10879874
809,A80460006
810,R41844825
811,E79687833
812,P85252432
813,F22133064
814,I79816052
815,F15606774
816,J85158921
817,J49932003
818,Z41415201
819,V82748771
820,G42264201
821,H12580038
822,K21206986
823,L96528062
824,R13259256
825,U55029003
826,R80620598
827,M94672986
828,K96345331
829,Y10691944
830,V71727680
831,H70172532
832,M34438638
833,X41083377
834,Z29753329
835,I21191197
836,X30743906
837,U22812889
838,H65607751
839,P45567469
840,D57220935
841,N14440735
842,J42130573
843,O30083178
844,H96503201
845,V53011633
846,Z91402180
847,U56400510
848,M26162664
849,W95912967
850,E69489272
851,Z60642302
852,I37009570
853,O87585409
854,P29784354
855,R69266668
856,Y96356672
857,S99222087
858,F92230103
859,X99535805
860,A17458556
861,A63197353
862,H67779322
863,T53145285
864,T38670415
865,Z86946890
866,R79699202
867,A72804905
868,F64787242
869,J99000804
870,S14846993
871,X32364020
872,Q12318202
873,C73677021
874,F50325936
875,X71049717
876,B51685962
877,J82990773
878,P95013838
879,J21925151
880,O31533601
881,D43657420
882,V74599183
883,I76997138
884,G35388553
885,M49254736
886,K91217782
887,C65927166
888,V62701196
889,X18112744
890,O58652792
891,W75934842
892,F52377248
893,X55853585
894,Z80736127
895,S33034970
896,A39408361
897,Y34927784
898,S50684947
899,O54358606
900,H54615218
901,S31733660
902,F46464053
903,D18354051
904,U55970091
905,P27827307
906,I42289426
907,X42602283
908,J70638698
909,Q52984942
910,C65457150
911,B12102277
912,R36542696
913,U75846430
914,Q21978409
915,A35412411
916,N15204505
917,V83493745
918,W33218972
919,L18407159
920,L23863806
921,R15288294
922,I77626067
923,O97756669
924,B84828733
925,N23661643
926,F77004838
927,K26342479
928,P96121902
929,L93766595
930,O94115116
931,R52037583
932,L32170098
933,I96186288
934,H57458041
935,P26853787
936,V83519026
937,E97357087
938,G29996010
939,V79528193
940,J78794922
941,O32046885
942,B32830447
943,U78869014
944,N47830661
945,N57463405
946,N73457430
947,E88586949
948,R85941940
949,K59985719
950,R80128056
951,O93478493
952,S43682122
953,T61541071
954,W65903638
955,F85340053
956,V47623520
957,B91567090
958,H65039062
959,N56827086
960,J79148345
961,J57103112
962,E10665532
963,Y38214748
964,Z49744602
965,E37918298
966,U73863082
967,B42748133
968,G63019362
969,Y13887486
970,Y60714035
971,L79362037
972,R71631410
973,Y63238936
974,Z19818355
975,P96246533
976,O17350446
977,R20560879
978,E89642588
979,Y38202128
980,U68302750
981,D16503919
982,D60569791
983,D33245413
984,U51326521
985,M87243701
986,Q56934513
987,S87800491
988,J73277195
989,M68274916
990,F71928610
991,Y66004137
992,A78888327
993,L35431609
994,H50643080
995,X53133900
996,H74068805
997,B51353951
998,R18693239
999,O36283117
1000,J81575463
1001,Z69240469
1002,B10817169
1003,R69125328
1004,U33904694
1005,M92704998
1006,B72428673
1007,J74976103
1008,P21995042
1009,P77623009
1010,X30944725
1011,L83397600
1012,S52043058
1013,R10696961
1014,L14254290
1015,Q31063128
1016,V80767010
1017,S54680341
1018,F93138076
1019,I10840953
1020,W74949936
1021,E76672820
1022,J57417491
1023,U69216120
1024,W70368576
1025,H32689676
1026,T55172433
1027,A92262054
1028,N10030016
1029,T57932954
1030,C70753523
1031,M14941761
1032,H52524359
1033,K38325752
1034,X27438159
1035,E50678953
1036,W31450399
1037,I67572869
1038,R55718801
1039,J43428501
1040,X91940209
1041,W47619131
1042,T73448503
1043,A86686913
1044,Y40712795
1045,H12562022
1046,N63553168
1047,Q91173561
1048,L59263746
1049,B11447843
1050,H76555431
1051,L22142099
1052,M72286662
1053,N81698204
1054,X30343038
1055,P39499180
1056,R35674246
1057,B77905753
1058,W74976970
1059,M74177787
1060,W66036096
1061,I74589776
1062,M22721791
1063,D36495951
1064,P34307583
1065,F35407623
1066,X29838977
1067,J74190201
1068,U33872549
1069,R69721142
1070,Q78641272
1071,S36562389
1072,X23121300
1073,I83491962
1074,B20196947
1075,G98817535
1076,B27587208
1077,V75902595
1078,R84966691
1079,O58946682
1080,Z67610268
1081,D74887687
1082,B99224848
1083,Y62420085
1084,R44920458
1085,O85117279
1086,U70996710
1087,B61398372
1088,K23504682
1089,H71951264
1090,N85329885
1091,W63285059
1092,D62958993
1093,P69442505
1094,J25472208
1095,T11556036
1096,F62685246
1097,Y48446065
1098,G48612887
1099,T48274952
1100,A27196574
1101,W59567813
1102,G59576772
1103,Y47445245
1104,A93127792
1105,F82060209
1106,S94646897
1107,X56143181
1108,I13961912
1109,F86893510
1110,N71829231
1111,J25836471
1112,C12000940
1113,V24231409
1114,E95913254
1115,V68439625
1116,T12435687
1117,S17542103
1118,T62458021
1119,K29771672
1120,A88052129
1121,V55086886
1122,V35358596
1123,Q56281794
1124,Y49630463
1125,L16239489
1126,V46094550
1127,N79236809
1128,D54522782
1129,T48086393
1130,C79487402
1131,V18503080
1132,J21662369
1133,Q39116633
1134,W70902585
1135,J59221871
1136,G81387601
1137,Q40302157
1138,Q62246069
1139,X71642225
1140,X15979606
1141,R41794606
1142,H70988509
1143,G92277283
1144,P10687329
1145,X45410913
1146,V88009042
1147,X74534091
1148,V51944597
1149,B96929536
1150,M78425830
1151,D57194637
1152,Y72894126
1153,W48349381
1154,A26589653
1155,U27285118
1156,U12176268
1157,F29559496
1158,F13951238
1159,G22901340
1160,X60027782
1161,J93152193
1162,A99632980
1163,L73550438
1164,W53137288
1165,E48613121
1166,R39914552
1167,Z35082300
1168,C54286034
1169,S58839507
1170,R79342213
1171,U93228320
1172,X62775773
1173,M21771881
1174,S36768422
1175,R67847596
1176,Y11681437
1177,Q26753013
1178,K96186985
1179,T74766321
1180,R61544371
1181,Q89845413
1182,H18240674
1183,V77812878
1184,A41933786
1185,S52555979
1186,H77386222
1187,F84909065
1188,J12073077
1189,M40245776
1190,U48804800
1191,F68273821
1192,L77622942
1193,M38161500
1194,O84277606
1195,F69585209
1196,Q61982096
1197,J56553199
1198,V45882809
1199,F18210761
1200,F55010630
1201,L29047941
1202,P15124982
1203,W34080276
1204,F64344584
1205,Y23525607
1206,J37639326
1207,B30957386
1208,K11864885
1209,T19082779
1210,O81303033
1211,C25483960
1212,F41066051
1213,Z39409745
1214,S65545547
1215,H60319485
1216,W59719049
1217,Z39477666
1218,O27293489
1219,P41923009
1220,H77749573
1221,B93001900
1222,C61251487
1223,N57074241
1224,A79049716
1225,R89307152
1226,H74217688
1227,S34427761
1228,V93229650
1229,Z16927017
1230,Z70896232
1231,B45393192
1232,K11003990
1233,Y86316326
1234,U42475060
1235,S56194608
1236,W32270599
1237,B64263142
1238,L39691754
1239,U14154176
1240,T56398813
1241,B97849089
1242,C21144652
1243,N58473121
1244,Q40560753
1245,I36619907
1246,X11378134
1247,L52626275
1248,F12584447
1249,E79310984
1250,D90886133
1251,Y88192910
1252,A20675685
1253,C30077464
1254,U37538934
1255,K48222874
1256,N98888249
1257,K41763126
1258,A38534494
1259,M14701297
1260,G11887618
1261,G94494936
1262,T17999319
1263,K38048592
1264,S62963313
1265,H97280086
1266,P76015596
1267,Y80713335
1268,L66422553
1269,R78750474
1270,O98430727
1271,F46960416
1272,T72933979
1273,X43264143
1274,M27563604
1275,C48673298
1276,D61705061
1277,V96699134
1278,Q27263029
1279,H16441869
1280,Q89389311
1281,U19901061
1282,M67903414
1283,Q67899814
1284,F26385666
1285,X82331557
1286,H68402128
1287,K20924077
1288,Q52797482
1289,D47203149
1290,Y91126724
1291,S25550844
1292,B59816110
1293,Q83101040
1294,R13795454
1295,M90986443
1296,H17172762
1297,O82932366
1298,K55832601
1299,I15045337
1300,T91606876
1301,B12038382
1302,P96299780
1303,Q15931660
1304,K45735769
1305,L43548040
1306,K11961239
1307,G29133284
1308,V60931739
1309,V50315885
1310,K26449991
1311,Y20965642
1312,Y86570054
1313,E47448781
1314,U66924527
1315,Z65517941
1316,Z81082204
1317,W84619587
1318,X98037398
1319,C96663013
1320,M21596637
1321,U19228535
1322,J30413701
1323,C97098157
1324,V26386082
1325,M15764022
1326,E80101428
1327,K91232911
1328,W84662866
1329,L42104285
1330,O81415487
1331,H19460102
1332,I15327232
1333,P50994894
1334,H52768863
1335,M23966555
1336,F13974785
1337,I95652889
1338,C91112222
1339,S11031665
1340,V51518398
1341,Z51759042
1342,B63521942
1343,G52163057
1344,U17303950
1345,V76582906
1346,D40668412
1347,Z64954564
1348,N84232868
1349,G70058268
1350,G59250880
1351,J58429507
1352,X91970776
1353,J52509436
1354,E37210159
1355,E55021195
1356,V42959743
1357,N26184586
1358,Q38122183
1359,D33460699
1360,Y45945019
1361,P49098038
1362,I61164574
1363,Z93920529
1364,I76314419
1365,V64493595
1366,B48412354
1367,X92505390
1368,S30095111
1369,J73336500
1370,G39904048
1371,A86425933
1372,H66720894
1373,S41299323
1374,I98876536
1375,T36453293
1376,P16592738
1377,D39950667
1378,V41581736
1379,D55276623
1380,P43172347
1381,P52379994
1382,Y50357706
1383,Z21021293
1384,O64359907
1385,S42985830
1386,K85468974
1387,P18446920
1388,U50048801
1389,M39242047
1390,X80116169
1391,F38855475
1392,T13945110
1393,F95882692
1394,Q70863892
1395,O33861968
1396,Z53032258
1397,J68640174
1398,Z64414223
1399,P61086155
1400,P30793818
1401,K30677562
1402,X24210550
1403,D90715023
1404,E10833391
1405,L18673955
1406,H89652178
1407,Y15695568
1408,Q33775782
1409,S25634429
1410,R68569887
1411,K94722421
1412,I81977975
1413,T67930846
1414,M19914728
1415,J87388807
1416,Q46871617
1417,M71674565
1418,X18888240
1419,C57695203
1420,W55909833
1421,I93183047
1422,E32561867
1423,P33358213
1424,Q88546277
1425,P96524778
1426,J44112329
1427,H56479198
1428,D64619991
1429,C50103864
1430,K38747041
1431,M93397516
1432,D15088868
1433,Q42757121
1434,H78731055
1435,H25765941
1436,T75045815
1437,F43189471
1438,M23195986
1439,H59461332
1440,J22719557
1441,P77071543
1442,Z49208250
1443,N54392116
1444,R83022086
1445,A22830260
1446,E11799224
1447,I77690464
1448,Z80228036
1449,I36965140
1450,S31809526
1451,P28129448
1452,V19354825
1453,C18219644
1454,M92953962
1455,Y71450811
1456,D80875979
1457,Y64764806
1458,J59091515
1459,B96418694
1460,E97634230
1461,H54227583
1462,T34993364
1463,O43096030
1464,W45263887
1465,Y22908576
1466,K32583749
1467,J29953266
1468,K58853972
1469,Q91974018
1470,R53934827
1471,C43094431
1472,H95880960
1473,L62301948
1474,C35680280
1475,X98523776
1476,F15613610
1477,Q91915032
1478,V60764222
1479,S75558443
1480,Q35652318
1481,B15207104
1482,Y67770169
1483,Z89168974
1484,S31711852
1485,C58646385
1486,I34794437
1487,Z22643979
1488,E49574564
1489,I14560493
1490,U94425738
1491,H44107345
1492,J88383831
1493,O20562020
1494,L62234267
1495,Y86372859
1496,C28894089
1497,L65568802
1498,Q27389411
1499,A83437055
1500,J63004751
1501,I33929157
1502,E74931410
1503,M22599508
1504,N49133392
1505,P44337852
1506,O50692935
1507,J73623481
1508,A88844603
1509,Z98988713
1510,J59950077
1511,F74047444
1512,F95552155
1513,O71022549
1514,G54657901
1515,C61655882
1516,K12654398
1517,V43692324
1518,D23850707
1519,R92063116
1520,S12023826
1521,H14216032
1522,E15311496
1523,G40799282
1524,L22938365
1525,D14950542
1526,E68580309
1527,S73126291
1528,H25917362
1529,G56673931
1530,I79947265
1531,U68460971
1532,E93314712
1533,O84026147
1534,I69758453
1535,P67850230
1536,I12399792
1537,X27674093
1538,H21742994
1539,W59784575
1540,K41896189
1541,W75181933
1542,U71056694
1543,Z94575494
1544,P34487801
1545,Y26687661
1546,P62521786
1547,H25875897
1548,E36506226
1549,H15179611
1550,H81111869
1551,F69350912
1552,D16642175
1553,K47765385
1554,H60519333
1555,M70221947
1556,M41203201
1557,Y93670902
1558,J17125181
1559,X82519989
1560,N78674089
1561,Y81002144
1562,O63984931
1563,L69265815
1564,E54691162
1565,R60669083
1566,O66263196
1567,K57095440
1568,K38336985
1569,X71965468
1570,L34669447
1571,N68371627
1572,X47728816
1573,A71445978
1574,X76165312
1575,E74162962
1576,Z71264239
1577,I60955054
1578,J25372468
1579,M15728697
1580,B26662981
1581,Y11005141
1582,F13271498
1583,G91606013
1584,L13188887
1585,T64648589
1586,G23184399
1587,S52351362
1588,W22842219
1589,A22997803
1590,K89362716
1591,P33323816
1592,L56259815
1593,G94153544
1594,W82320661
1595,L78231211
1596,F42449248
1597,K68311115
1598,A50484842
1599,D26409712
1600,H90600071
1601,P10218355
1602,W92234185
1603,F49614247
1604,O32713950
1605,T82792472
1606,R59889162
1607,C97863755
1608,F51141639
1609,G59577030
1610,I88892388
1611,M69113431
1612,F19346482
1613,O13449416
1614,D26044036
1615,E96622189
1616,M16794912
1617,H63425329
1618,H48785745
1619,F27429636
1620,U65928011
1621,W68251412
1622,E17897945
1623,W84528986
1624,W19724377
1625,M43293318
1626,M81919103
1627,K96803196
1628,U86107037
1629,A38888126
1630,T53899888
1631,U93785974
1632,R81584068
1633,J87987922
1634,B23610129
1635,S90330150
1636,C39285747
1637,I88057857
1638,M56565231
1639,M66934590
1640,X63147050
1641,R65306181
1642,E81051489
